{
	"format_version": "1.8.0",
	"animations": {
		"animation.potato.death": {
			"animation_length": 1.4583,
			"bones": {
				"bone": {
					"rotation": {
						"0.0": [0, 0, 0],
						"0.2917": [3.13388, -17.22575, -10.47479]
					},
					"position": {
						"0.0": [0, 0, 0],
						"0.2917": [-3, -1, 0],
						"0.625": [-3, -2, 0]
					}
				},
				"bone2": {
					"rotation": {
						"0.0": [0, 0, 0],
						"0.2917": [15, 0, 0]
					},
					"position": {
						"0.0": [0, 0, 0],
						"0.2917": [-1, -1, 0],
						"0.625": [-1, -2, 0]
					}
				},
				"bone3": {
					"rotation": {
						"0.0": [0, 0, 0],
						"0.2917": [0, 0, -12.5]
					},
					"position": {
						"0.0": [0, 0, 0],
						"0.2917": [0, -1, 0],
						"0.625": [0, -2, 0]
					}
				},
				"bone4": {
					"rotation": {
						"0.0": [0, 0, 0],
						"0.2917": [0, 0, -15]
					},
					"position": {
						"0.0": [0, 0, 0],
						"0.3333": [0, -1, 0],
						"0.625": [0, -2, 0]
					}
				},
				"bone5": {
					"rotation": {
						"0.0": [0, 0, 0],
						"0.25": [0, 0, 32.5]
					},
					"position": {
						"0.0": [0, 0, 0],
						"0.375": [-0.83, -1.83, 0],
						"0.625": [-1, -1, 0],
						"0.875": [-1, -2, 0],
						"1.1667": [-1, -1, 0],
						"1.4167": [-1, -2, 0]
					}
				},
				"bone6": {
					"rotation": {
						"0.0": [0, 0, 0],
						"0.25": [-2.30991, -0.95645, -57.48072]
					},
					"position": {
						"0.0": [0, 0, 0],
						"0.25": [0.83, -1, 0],
						"0.5": [1, 0, 0],
						"0.75": [1, -1, 0],
						"1.0417": [1, 0, 0],
						"1.2917": [1, -1, 0]
					}
				},
				"bone8": {
					"position": {
						"0.0": [0, 0, 0],
						"0.25": [0, -9, 13],
						"0.2917": [0.17, -7, 14],
						"0.375": [0.5, -8.8, 14.6],
						"0.5": [1, -9, 13]
					}
				},
				"bone9": {
					"position": {
						"0.0": [0, 0, 0],
						"0.25": [-3, -10, 11],
						"0.2917": [-3.33, -9, 11.67],
						"0.4583": [-4.67, -8.8, 14.33],
						"0.5": [-5, -10, 15]
					}
				},
				"bone10": {
					"position": {
						"0.0": [0, 0, 0],
						"0.25": [12, -7, 0],
						"0.4583": [19.33, -5, 1.83],
						"0.5": [16, -7, 1]
					}
				},
				"bone11": {
					"position": {
						"0.0": [0, 0, 0],
						"0.25": [5, -11, 6],
						"0.4167": [5.67, -9, 6.5],
						"0.625": [9, -11, 9]
					}
				},
				"bone12": {
					"position": {
						"0.0": [0, 0, 0],
						"0.25": [-9, -8, 0],
						"0.375": [-13.5, -5.4, 0],
						"0.4583": [-13.17, -10, 0],
						"0.5": [-14, -8, 0]
					}
				},
				"bone13": {
					"position": {
						"0.0": [0, 0, 0],
						"0.25": [-10, -6, 2],
						"0.2917": [-11, -4, 2.67],
						"0.5": [-16, -6, 6]
					}
				},
				"bone14": {
					"position": {
						"0.0": [0, 0, 0],
						"0.25": [-14, -6, -6],
						"0.5": [-16, -6, -8]
					}
				},
				"bone15": {
					"position": {
						"0.0": [0, 0, 0],
						"0.25": [7, -5, -9],
						"0.2917": [7.83, -3, -9.67],
						"0.4583": [12.17, -2.6, -14.33],
						"0.5": [12, -5, -13]
					}
				},
				"bone16": {
					"position": {
						"0.0": [1, 0, 0],
						"0.25": [-3, -8, -11],
						"0.2917": [-3.33, -6, -11.83],
						"0.4583": [-4.67, -6.6, -15.17],
						"0.5": [-5, -8, -16]
					}
				},
				"bone17": {
					"position": {
						"0.0": [0, 0, 0],
						"0.25": [0, -8, -6],
						"0.5": [-2, -8, -13]
					}
				},
				"bone18": {
					"position": {
						"0.0": [0, 0, 0],
						"0.25": [6, -8, -5],
						"0.4583": [12, -6, -6.67],
						"0.5": [12, -8, -7]
					}
				},
				"bone19": {
					"position": {
						"0.0": [0, 0, 0],
						"0.25": [7, -4, 2],
						"0.5": [13, -2, -1],
						"0.7083": [17, -5, -1]
					}
				}
			}
		}
	}
}